method,n,answer_accuracy,mean_grounding,mean_tokens,grounding_per_token
B1-prosa,18,77.77777777777777,0.0,100.55555555555556,0.0
B2-veritime,18,44.44444444444444,14.503968253968257,88.38888888888889,0.16409266409266413
B3-selfbudget,18,66.66666666666667,2.314814814814815,50.72222222222222,0.045637093829864916
B4-statistik,18,88.88888888888889,0.0,0.0,NA
Kami,18,94.44444444444444,0.0,18.444444444444443,0.0
