model,n,answer_accuracy,mean_grounding,mean_tokens
qwen2.5-7b,18,61.111111111111114,13.606701940035274,33.44444444444444
llama-3.1-8b,18,22.22222222222222,2.332852332852333,65.5
gemma-2-9b,18,83.33333333333333,16.11111111111111,17.333333333333332
