{"model": "gemma-2-9b", "n": 18, "answer_accuracy": 83.33333333333333, "mean_grounding": 16.11111111111111, "mean_tokens": 17.333333333333332}