{"model": "llama-3.1-8b", "n": 18, "answer_accuracy": 22.22222222222222, "mean_grounding": 2.332852332852333, "mean_tokens": 65.5}