{"model": "qwen2.5-7b", "n": 18, "answer_accuracy": 61.111111111111114, "mean_grounding": 13.606701940035274, "mean_tokens": 33.44444444444444}