setting,mean_tokens,mean_grounding,answer_accuracy,n
panjang,65.5,2.332852332852333,22.22222222222222,18
pendek,36.94444444444444,2.4101307189542482,66.66666666666667,18
cap-2,10.222222222222221,2.7777777777777777,77.77777777777777,18
cap-1,4.277777777777778,5.555555555555555,77.77777777777777,18
