variant,n,answer_accuracy,mean_grounding,mean_tokens,grounding_per_token
Kami-penuh,18,94.44444444444444,0.0,18.444444444444443,0.0
-finetune,18,66.66666666666667,2.314814814814815,50.666666666666664,0.04568713450292398
-format_operasi,18,33.333333333333336,0.0,82.83333333333333,0.0
-target_terpendek,18,94.44444444444444,2.7777777777777777,18.444444444444443,0.15060240963855423
-adaptif,18,94.44444444444444,0.0,18.444444444444443,0.0
