setting,mean_tokens,mean_grounding,answer_accuracy,n
panjang,17.333333333333332,16.11111111111111,83.33333333333333,18
pendek,10.222222222222221,8.333333333333334,72.22222222222223,18
cap-2,4.833333333333333,13.88888888888889,83.33333333333333,18
cap-1,3.7777777777777777,0.0,77.77777777777777,18
