setting,mean_tokens,mean_grounding,answer_accuracy,n
panjang,33.44444444444444,13.606701940035274,61.111111111111114,18
pendek,9.555555555555555,3.888888888888889,61.111111111111114,18
cap-2,6.0,0.0,72.22222222222223,18
cap-1,3.388888888888889,0.0,66.66666666666667,18
